Word,Fwd
gumball,
six pack,
chinatown,
moss,
daffy duck,
facebook,
lilypad,
wart,
firehouse,
dew,
poor,homeless
nintendo switch,
clover,
vin diesel,
trombone,
complete,
waterfall,
vuvuzela,
violin,
apple seed,
dream,
europe,
hello kitty,
waist,
drum kit,
canyon,
skyscraper,building
tie,
palm,hand
geography,map
organ,
good,
brush,
statue,statue of liberty
cheek,
japan,
leonardo da vinci,
canada,
museum,
log,
fog,
microsoft,
jaw,
observatory,
saliva,
clean,
ireland,
thin,
creeper,!
twig,
android,
hilarious,funny
chest,
old,
octopus,
dirty,
knife,
hollywood,
harry potter,
africa,
dandruff,
john cena,
deadpool,
shrek,!
nose,
nail,
intersection,
beatbox,
abstract,
mark zuckerberg,
building,
thumb,
leonardo dicaprio,
harmonica,
kiwi,
pepsi,
island,
russia,
unibrow,
bill gates,
bruce lee,
bus stop,
jayz,
mud,
rainforest,
bad,
fanta,
pinky,
laboratory,science
open,
raindrop,
warm,
minion,
vault boy,
blizzard,
asia,
bakery,
homer simpson,
thunder,thunderstorm
scar,
ac/dc,
drum,drum kit
pimple,
soil,
miniclip,
office,
lightning,
fire hydrant,
jesus christ,
bar,
argentina,
nike,
fork,
northern lights,
susan wojcicki,
north korea,
robin hood,
nemo
equator,
kindergarten,
france,
gummy,gummy bear
fossil,
house,
icicle,
great wall,
salmon,
eyebrow,
xerox,
willow,
tablet,
fingernail,
wave,
crash bandicoot,
asterix,
keyboard,
barbed wire,
heel,high heels
south,
low,
monster,
drain,
water,
funny,
dandelion,
chewbacca,
bmw,
morty,
bow,
lung,
turkey,
swordfish,
whatsapp,
hotel,
coral reef,
western,
cloud,
cork,
pink panther,
bitcoin,
spartacus,
dock,
fireproof,
river,
jazz,
point,
nasa,
pub,bar
fly,fly swatter
morgan freeman,
tower of pisa,
germany,
zeus,
samsung,!
tails,tail
alley,
zoo,
charlie chaplin,
discord,
yellow,
shipwreck,
harbor,
mcdonalds,
new zealand,
tweety,
chime,
abba,
neighborhood,
mount everest,mountain
wall-e,
underground,
harp,
head,
horizon,
fall,
opera,
rain,
rib,
upgrade,
breath,
bat,
einstein,
freckles,
belly,pregnant
fizz,
east,
santa,
royal,
whistle,
face,
kirby,
photoshop,
shoulder,
ramp,
record,
william shakespeare,
bench,
blood,
wonder woman,
dracula,
full,
bark,
kim jong-un,north korea
johnny bravo,
knuckle,
reeds,
wrist,
shallow,
mountain,
butt cheeks,
drought,
saxophone,
captain america,
vine,
doghouse,
gru,
base,
brain,
slippery,
fortress,
messy,
adidas,
mouth,
diss track,
tornado,
bullet,
symphony,
youtube,
treehouse,
barn,
easter bunny,!
audi,
coast,beach
rock,
scooby doo,
glass,
positive,
spongebob,
nutcracker,
microphone,
tropical,
cuba,
lily,
twitter,
sydney opera house,
elon musk,
palace,
apartment,
eiffel tower,
muscle,
snow,snowflake
patrick,
speaker,
aquarium,
jail,
piano,
cello,
prison,jail
gravedigger,
eat,
katy perry,
flower,
eminem,
flag,
sad,
chrome,
england,
kermit,
superman,
rick,
overweight,
plow,
windmill,
stomach,waist
orchid,
bagpipes,
pikachu,
cheeks,
sandstorm,
egypt,pyramid
weather,
mount rushmore,
tongue,
jackie chan,
orchestra,
usain bolt,
angel,
west,
ice,
lady gaga,
coffee shop,coffee
elbow,
supermarket,
incognito,
finn,
traffic light,
hill,
cathedral,church
pinocchio,!
israel,
copy,
frankenstein,
colosseum,
social media,
nutella,
parking,
apple,
angry birds,
mercedes,
shell,
cinema,
norway,
iron,
watch,
park,
jimmy neutron,
spain,
neck,
flute,
ocean,beach
skull,
backbone,
america,
seed,
white,
hercules,
school,
coral,
sherlock holmes,
crab,
beethoven,
scary,ghost
seashell,shell
winnie the pooh,
cherry blossom,
volcano,
condiment,
tooth,
mickey mouse,
cliff,
trap,
globe,earth
phineas and ferb,
bald,
sink,
purity,
tuna,
border,
razorblade,
king kong,
earwax,
fish,
romania,
smell,
pregnant,
ticket,
lobster,
bank,
picasso,
fort,
donald trump,
cookie monster,!
hippo,
pet shop,
clarinet,
lighthouse,
coat,
wind,
toenail,
daisy,
big ben,
paris,eiffel tower
lyrics,
graveyard,
dora,
adorable,
cowbell,
batman,
finn and jake,
florida,
scotland,
popeye,
mexico,
rose,
coin,
skype,
electric guitar,
timpani,
derp,
amsterdam,
restaurant,
wire,
eye,
puddle,
statue of liberty,
thunderstorm,
xylophone,
smile,
generator,
singapore,
rail,train
pluto,
sand,
australia,
pigsty,
olaf,
sea,beach
blue,
catfish,
young,
zorro,
elmo,!
flash,
portrait,
spine,
kidney,
fingertip,
chin,
pound,
wrinkle,
ruler,
paypal,
chuck norris,
cave,
sausage,
tower,
jungle,
robbie rotten,
eyelash,
compass,
rainbow,
drink,
mall,
wake up,
underweight,
spore,
squidward,
chestplate,
pan,
fern,
veterinarian,
scarecrow,
peninsula,
monk,
tarzan,
steam,
screen,television
kraken,
spaceship,ufo
viola,
continent,
iron man,
dizzy,
gravity,
barack obama,
mailbox,
poseidon,
cabin,
skyline,
hard hat,
throat,neck
saltwater,
popular,
grave,
smoke,
tombstone,grave
stop sign,
skinny,thin
london eye,
dead,
treadmill,
mars,
peppa pig,
terminator,
vein,
haircut,
silo,
calendar,
llama,
hummingbird,
yoshi,
leaf,
baboon,
sonic,
field,
madagascar,
sculpture,
chestnut,
torpedo,
factory,
chain,
cat woman,
chimney,
deep,
nugget,
morse code,
bomberman,
mattress,bed sheet
gasp,
squid,
croatia,
flashlight,
electric car,
car wash,
socket,
pine,
taco,
las vegas,
tank,
strong,
droplet,
bambi,
programmer,
pac-man,
spiderman,
hut,
fountain,
sandbox,
farm,
path,
microscope,
forehead,
tow truck,
hot,
tug,
chicken,
cactus,
bruise,
arrow,
traffic,traffic light
porky pig,
video,
puzzle,
booger,
playground,!
subway,
teletubby,
abraham lincoln,
pavement,
nosebleed,
luigi,
poisonous,cobra
petal,
netherlands,
aladdin,
comfortable,
crossbow,
bottle,
protest,
kfc,
deer,
poppy,
brazil,
lime,
swing,
pope,
hip hop,
dexter,
steve jobs,
finger,
the beatles,
stadium,
highway,
wolverine,
printer,
sweater,
pink,
antarctica,
toilet,bathroom
cone,
hive,
birch,
security,
desert,
gandhi,
dentist,
tear,
manhole,
lightsaber,
tree,
kettle,
electricity,
snowflake,
dumbo,
toy,
vatican,
armor,
orbit,
cymbal,
cookie jar,
lawyer,
panpipes,
minivan,
vacation,
spark,
matchbox,
crawl space,
stylus,
dots,
gandalf,
village,
professor,
gender,
hulk,
laptop,
top hat,
assassin,
root,
winter,
monday,
whale,
website,
airport,
james bond,
shrub,
fred flintstone,
impact,
semicircle,
velociraptor,
eyeshadow,
marigold,
italy,
photograph,
cannon,
nightclub,
filmmaker,
spiral,
loaf,
portugal,
red,
mascot,
usb,
well,
screw,
guinea pig,
scent,
macho,
grinch,
hawaii,
drool,
toe,
hula hoop,
milk,
margarine,
trumpet,
cold,
pike,
spit,
idea,
recycling,
casino,
straw,
legs,
mammoth,
feather,
robin,
ikea,
commander,
lake,
hunger,
spoon,
snowboard,
boy,
kazoo,
lumberjack,
hair,
groom,
black hole,
street,
country,
tractor,
dinosaur,
otter,
albatross,
food,
roadblock,
diet,
mouse,rat
wig,
touch,
yoda,
oyster,
afterlife,
balance,
tire,
shadow,
sing,
grill,barbecue
freezer,
sauce,
rubber,eraser
pinwheel,
firefly,
medusa,
arm,muscle
headband,
risk,
werewolf,
bricklayer,
radio,
snowman,
melt,
croissant,
sweat,
folder,
parade,
alpaca,
table,
dashboard,
fireman,
church,
skrillex,
moon,
angelina jolie,
vomit,
cousin,
sick,
tower bridge,
cheerleader,
clay,
armpit,
hairy,
luggage,suitcase
dog,
donald duck,
peacock,
pringles,
beet,
basket,
knee,
workplace,
grass,
goofy,
milky way,
invisible,
trigger,
tuxedo,
earthquake,crack
full moon,
emerald,
drama,
floodlight,
beer,
racecar,
bugs bunny,
stamp,
soda,pepsi
welder,
animation,
reddit,
guitar,
ambulance,
branch,
deaf,
sleep,
glue stick,
ostrich,
slope,
hand,
cell,
spaghetti,
holiday,
skateboard,
magic,magician
flush,
pencil case,
nail polish,
boat,sailboat
lips,
pilot,
pencil sharpener,
rome,
type,
palm tree,
study,
bed sheet,
bodyguard,
caterpillar,
corn dog,
drive,
north,
interview,
guillotine,
hermit,
mirror,
plague,
william wallace,
lion king,
trophy,
blanket,
tabletop,
zipline,
fast,run
seaweed,
mtv,
hard,
hot sauce,
clownfish,
navy,
hospital,
storm,thunderstorm
teapot,
spring,
jellyfish,
bridge,
graph,
radish,
goat,
room,
lasso,
homeless,
waiter,
chemical,
palette,
wax,
translate,
lap,
greece,
dent,
diagram,
ukulele,
witness,
slow,
popcorn,
gasoline,
anaconda,
barcode,
google,
ketchup,
poke,
iceberg,
lane,highway
reality,
wrestler,
tiny,
ear,
tumor,
community,
billiards,
zombie,
fabulous,
valley,
shop,
pokemon,
bellow,
soap,
communism,
platypus,
stapler,
baguette,
leprechaun,
end,
mozart,
yardstick,
afro,
bear,
ballerina,
snowball,
maze,
rest,
angry,angry birds
queen,
race,
pine cone,
pharmacist,
chocolate,
orangutan,
atom,
maracas,
dollar,
magic trick,magician
voodoo,
notch,
mustache,
lantern,
cupboard,
zeppelin,
nutmeg,
villain,
cocoon,
beanie,
leech,
giraffe,
disaster,
sky,
landscape,
sunflower,
pie,
easter,
sunburn,
explosion,
cheesecake,
lock,
time machine,
ravioli,
collapse,
stove,
fire truck,
gnome,
cow,
ladybug,
mario,
gangster,
megaphone,
yeti,
pocket,
waffle,
hairspray,
tea,
garfield,
pistachio,
tablecloth,
banana,
graffiti,
bleach,
banker,
mosquito,
alcohol,wine
mailman,
mont blanc,
crust,
allergy,
notepad,
label,
cut,blood
taxi,
sledgehammer,
gentle,
cartoon,
owl,
muffin,
quilt,
comet,
vortex,black hole
spinach,
michael jackson,
beach,
jelly,jello
cute,hello kitty
gold chain,
frame,
submarine,
antenna,
grenade,
grasshopper,
slingshot,
tiramisu,
wreath,
tooth fairy,
nurse,
horn,
evaporate,
octagon,
picnic,
network,
puffin,
stoned,
golden egg,
juice,
prawn,
seafood,
china,
quarter,
darts,
motorbike,
ufo,
pray,
harpoon,
walrus,
toad,
scoop,
gardener,
vitamin,
can,
pants,
pedal,
nostrils,
yacht,
family guy,
motherboard,
vegetarian,
repeat,
architect,
bean bag,
hen,chicken
nuke,
bookshelf,
salt,
tourist,
driver,taxi driver
newspaper,
cushion,
spade,
bartender,
maid,
wheel,
intel,
chess,
throne,
punishment,
studio,
postcard,
movie,cinema
bulge,
mothball,
glowstick,
gummy bear,
camera,
cream,
imagination,
wheelbarrow,
acne,pimple
banjo,
spool,
suez canal,
engine,
king,
shark,
tailor,
faucet,
princess,
keg,
athlete,
skin,
antelope,
tunnel,
invention,
leather,
barber,
apricot,
segway,
clothes hanger,
computer,
sunshade,
electrician,
tuba,
wolf,
headache,
jack-o-lantern,
deodorant,
warehouse,
witch,
pirate,
rug,
lynx,
lid,
earbuds,
jello,
addition,
firework,
pain,
nest,
needle,
tarantula,
belly button,
raspberry,
jenga,
dice,
pond,
donkey,
swag,
shake,
suitcase,
hammock,
flea,
receptionist,
health,
bouncer,
koala,
pineapple,
mannequin,
portal,
duct tape,
aircraft,
detonate,
adult,
leak,
flask,
caveman,
breakfast,
cotton,
grandmother,
mop,
blackberry,
silverware,
london,
collar,
plank,
rooster,chicken
market,
exercise,treadmill
marmot,
mona lisa,
hop,
capricorn,
square,
pumba,
pollution,
panther,
mother,
quicksand,
gate,
cappuccino,
line,
udder,
emoji,
abyss,
preach,
ceiling fan,
family,
florist,
map,
air conditioner,
totem,
woodpecker,
whisper,
dna,
cape,
chinchilla,
blush,
katana,
patient,
minute,
hell,
garbage,
link,
nachos,
helmet,
captain,
star,
heart,
mermaid,
magician,
vertical,
limbo,
dragon,
stress,
milkman,
thor,
grapefruit,
fashion designer,
sit,
karaoke,
wealth,
playstation,
leader,
message,
landlord,
ace,spade
antivirus,vaccine
motorcycle,
peasant,
morning,
world,earth
camping,
trash can,
hourglass,
gang,
champagne,
oreo,
button,
anvil,
cheetah,
inside,
chalk,
slide,
green lantern,
skeleton,
coyote,
meatball,
baklava,
prune,
astronaut,
bazooka,
bread,
patio,
cash,dollar
love,heart
vampire,dracula
halo,
mafia,
text,
wound,
uranus,
sand castle,
yin and yang,
miner,
swarm,
victory,
melon,
cola,
geyser,
flagpole,
mantis,
wrapping,
vote,
godfather,
telescope,
insect,ant
iphone,
retail,
shock,
skates,
dollhouse,
weak,
scuba,
carnivore,
notification,
hot chocolate,
emu,
funeral,
xbox,
nail file,
saddle,
brownie,
solar system,
iron giant,
zoom,
space,solar system
second,
weapon,
window,
pickaxe,
pelican,
divorce,
bathtub,
ruby,
happy meal,
mechanic,
sale,
lighter,
razor,
tomato,
cicada,
ham,meat
cornfield,
doorknob,
crayon,
fairy,
burrito,
mummy,mother
snail,
zebra,
handle,
pensioner,jail
marble,
champion,winner
lottery,
vacuum,
kneel,
seat belt,
pillar,
shout,
meatloaf,
bottle flip,
ski,
sensei,
shoebox,
pajamas,
tennis racket,
fruit,
limousine,
vent,
oval,
pill,
chest hair,
mr. meeseeks,
loot,
nose hair,
beaver,
uncle,
shopping,
honeycomb,
chandelier,
below,
blender,
barrel,keg
asteroid,
cowboy,chuck norris
shotgun,
luck,
hypnotize,
festival,
comedy,
shelf,
ash,
metal,
goose,
nightmare,
cloak,
polo,
torch,
firefighter,
rectangle,
gas mask,
bart simpson,
rapper,
beetle,ladybug
cauldron,
toothpick,
blimp,
panda,
lettuce,
read,
tail,
knot,
youtuber,youtube
soccer,
vaccine,
elsa,
levitate,
summer,
jet ski,
poison,
swamp,
orca,
lemur,
hunter,
tricycle,
traveler,
vodka,
fake teeth,
celebrate,
winner,
cloth,
pyramid,
bed bug,
coast guard,
plate,
zelda,
skydiving,
farmer,
gravel,
detective,
fence,
omelet,
thermometer,
raft,
bulldozer,
camel,
facade,
trend,
x-ray,
blueberry,
pro,
gold,
battle,
manatee,
goatee,
invasion,
shampoo,
pirate ship,
knight,
student,
marmalade,
infinite,
ivy,
library,
dalmatian,
dough,
chef,
dome,
fly swatter,
skittles,
mr. bean,
gorilla,
face paint,
temperature,thermometer
scientist,
spider,
backpack,
ski jump,
wool,
betray,
patriot,
goblin,
tissue,
reception,
wine,
pet food,
lemonade,
bronze,
cat,hello kitty
charger,
red carpet,
carpet,
copper,
murderer,
crucible,
bumper,
moth,
talent show,
tent,
christmas,
bracelet,
meal,
quokka,
swan,
hyena,
pear,
desk,table
vision,
shrew,
hexagon,
tadpole,
slam,
windshield,
volume,
teaspoon,
hairbrush,
distance,
ice cream truck,
librarian,
wallpaper,
sushi,
thug,robber
chair,
cast,
kitten,hello kitty
bird,
accordion,
magma,
embers,
bean,
acid,
sombrero,
cube,
pasta,
orange,
eggplant,
bounce,
pillow,
evening,
bicycle,
hashtag,
stage,
wedding,
reindeer,
crocodile,
sailboat,
bite,
industry,factory
skunk,
treasure,
saturn,
tennis,
popsicle,
fridge,
sandwich,
cupid,
coffee,
mime,
airplane,
pig,
step,
spray paint,
daughter,
circle,
wrestling,
magic wand,magician
piggy bank,
failure,
cauliflower,
autograph,
telephone,
son,
salad,
bandana,
beef,meat
target,
sewing machine,
noodle,
belt,
lion,
floppy disk,
black,
oxygen,
shy,
doctor,
bamboo,
high five,
lamb,
commercial,
shape,
bingo,
fast forward,
badger,
bill,
remote,
satellite,
crystal,
sponge,
raccoon,
glove,
military,
gloss,
radiation,
tomb,grave
surgeon,
blind,
broomstick,
quill,
biscuit,
clown,
atlantis,
pumpkin,
crowbar,
gas,
pepperoni,pizza
nature,
pause,
wiggle,
jeep,
photo frame,
birthday,cake
firecracker,
filter,
plumber,
golden apple,
basketball,
glow,
horse,
hobbit,
potato,
whisk,
attic,
grumpy,
butcher,
universe,
frog,
planet,solar system
book,
garden,
seal,
hook,
cement,
victim,
brick,wall
hanger,
walk,
jackhammer,
run,
aristocrat,
peace,
armadillo,
greed,
bear trap,
burglar,
coach,
money,dollar
seahorse,
alien,
hedgehog,sonic
fist fight,
lotion,
triangle,
hammer,sledgehammer
pudding,
doritos,
ribbon,
boar,
marathon,
seagull,
employer,
paintball,
safari,
lawn mower,
leash,
shopping cart,
mousetrap,
tickle,
hair roller,
lady,girl
gem,
goal,
vanish,
purse,
ant,
turnip,
titanic,
curry,
nickel,
score,
magnet,
jaguar,
minigolf,
bucket,
soldier,
napkin,
skribbl.io,
drip,
onion,
laser,
bayonet,
broom,broomstick
server,
baby,
walnut,
happy,
ballet,
corner,
beanstalk,
bmx,
moose,
stone,
excavator,
violence,
cringe,
scream,
anteater,
fencing,
writer,
kite,
jacket,
safe,
fox,
robot,
virus,
promotion,
carpenter,
tattoo,
credit,
corpse,
archer,
bunk bed,
pencil,
surface,
mayor,
cocktail,
queue,
door,doorknob
paper,
galaxy,
forest fire,
earth,
perfume,
flamingo,
echo,
spin,
cylinder,
space suit,
almond,
mr bean,
trick shot,
shovel,
box,cardboard
sprinkler,
wrench,
squirrel,
starfish,
water cycle,
elephant,
die,dead
classroom,
fireball,
snake,cobra
ferrari,
bag,
shoelace,
punk,
ram,
mansion,
cord,
basement,
board,
kung fu,
model,
bird bath,
barbarian,
radar,
india,
dance,
yolk,
dominoes,
soup,
brand,
hazelnut,
home alone,
brunette,
makeup,
water gun,
juggle,
duck,
mohawk,
poodle,
scarf,
conversation,
apocalypse,
blacksmith,
short,
lizard,
unicycle,
meme,
ipad,
cup,
candle,
jeans,
exam,
vlogger,
black friday,
curtain,
hoof,
teacher,
dispenser,
fisherman,
lightbulb,
eskimo,
clock,
honey,honeycomb
uniform,
bus driver,
cookie,
bungee jumping,
vinegar,
notebook,
mask,
bell pepper,
kiss,
meerkat,
coaster,
doll,
hot dog,
handshake,
slump,
applause,
demon,
referee,
pin,
vulture,
oil,
fish bowl,aquarium
backflip,
apple pie,
bowl,
cuckoo,
toothpaste,
stab,
drawer,
yo-yo,
socks,
bowling,
kangaroo,
swimming pool,
tip,
centipede,
password,
policeman,
bait,
germ,
scribble,
high heels,
starfruit,
nascar,
hazard,
mug,
provoke,
hopscotch,
catapult,
can opener,
boots,
diagonal,
dress,
coconut,
rhinoceros,
back pain,
bubble,
delivery,
magazine,
sunglasses,
silver,
fireplace,
rat,
stand,
thief,robber
survivor,
nut,
swimsuit,
neptune,
tape,
sphinx,
roof,
party,
cupcake,
strawberry,
rockstar,
chew,
comic book,
pizza,
internet,
cage,
axe,
wingnut,
hitchhiker,
missile,
butler,
flu,
yawn,
lipstick,
unicorn,
clickbait,
truck,
lollipop,
color-blind,
rake,
triplets,
noob,
television,
thirst,
acorn,
barbecue,
poster,
lamp,
hero,
pistol,revolver
bathroom,
poop,
undo,
scythe,
lasagna,
genie,
switch,
archaeologist,
dolphin,
paper bag,
chainsaw,
think,
work,
rocket,
machine,
eraser,
fire alarm,
grin,
alarm,
boomerang,
yogurt,
cap,
scissors,
hovercraft,
eagle,
sudoku,
fireside,
gummy worm,
kebab,
meteorite,
peanut,
chopsticks,noodle
toolbox,
joker,
hibernate,
foil,
lens,magnifier
goldfish,aquarium
tortoise,
anthill,
mint,
chameleon,
flamethrower,
half,
sun,
cherry,
flying pig,
corkscrew,
bible,
cockroach,
sports,
fortune,
heat,
monkey,
fabric,
glasses,sunglasses
take off,
heist,
ringtone,
licorice,
dig,
meat,
forest,
bagel,
bull,
sea lion,
bandage,
nerd,
obelix,
w-lan,
dragonfly,
bunny,
neighbor,
pitchfork,
slinky,
battery,
ghost,
procrastination,
wing,
minecraft,
toucan,
anime,
peas,
rice,
turd,poop
bookmark,
search,
chihuahua,
depressed,
engineer,
kitchen,
fur,
massage,
pancake,
photographer,
parachute,
bacon,
grid,
headboard,
furniture,
fries,mcdonalds
hug,
pot,
wireless,
bomb,dynamite
campfire,
disease,
sew,
ceiling,
jalapeno,
eel,
duel,
stork,
magnifier,
customer,
girl,
origami,
dessert,
wonderland,
flock,
airbag,
darwin,
credit card,
high score,
sparkles,
roll,
paddle,
bobsled,
tentacle,
periscope,
pigeon,
pogo stick,
t-rex,
season,
cheese,
toast,
cell phone,iPhone
avocado,
brainwash,
science,
price tag,
heading,
assault,
action,
person,
tangerine,
arch,
jump rope,
golf,
outside,
spoiler,
dynamite,
child,
surfboard,
boil,
novel,
glitter,
trailer,
addiction,
peach,
porcupine,
darwin watterson,
ladder,
cake,
silence,
bride,
reflection,
broken heart,
pickle,
volleyball,
tripod,
asymmetry,
zipper,
beak,
match,matchbox
turtle,
pillow fight,
mole,
sneeze,
web,
anglerfish,
dishrag,
controller,
mercury,
microwave,
defense,
climb,
sleeve,
clap,
sloth,
page,paper
litter box,
virtual reality,
reptile,
toaster,
wizard,gandalf
actor,
crack,
macaroni,
loading,
day,
sauna,
yearbook,
milkshake,
balcony,
fitness trainer,
religion,
tiger,
towel,
rewind,
stone age,
midnight,
logo,
tired,
evolution,
bee,
truck driver,
president,
star wars,
shower,
glue,
binoculars,
pinball,
pendulum,
espresso,
worm,
wall,
slime,
stingray,
claw,
toothbrush,toothpaste
language,
elevator,
pipe,
pot of gold,
band-aid,
horsewhip,
wife,
powder,
headphones,
garlic,
rune,
broccoli,
hurt,
ball,basketball
display,television
puppet,
teddy bear,
parents,
stereo,
frosting,
porch,
bed,
biology,
garage,
vault,
tissue box,
tampon,
cyborg,
crow,
cruise,
eclipse,
circus,
diploma,
parrot,
desperate,
mushroom,
snowball fight,
narwhal,
shoe,
lava lamp,
battleship,
bedtime,
crate,
dictionary,
sledge,
janitor,
comb,
zigzag,
venus,
diaper,
broadcast,
concert,
shirt,
gift,
bell,
grapes,
taser,
vise,
sunrise,
kendama,
hippie,
puma,
flight attendant,
nutshell,
wasp,
plug,
god,
key,
video game,controller
graduation,
golf cart,
hat,top hat
judge,
dinner,
caviar,
cab driver,taxi driver
penny,
marshmallow,
cobra,
table tennis,
bubble gum,
nun,
lemon,
catalog,
double,
stegosaurus,
hamburger,
hockey,
fluid,
loser,
vanilla,
console,
carnival,
frostbite,
cabinet,
cerberus,
ninja,
seesaw,
sound,volume
journey,
trapdoor,
hose,
bus,
husband,
lego,
cardboard,
spy,
fidget spinner,
cucumber,
junk food,
dagger,
train,
lava,volcano
hacker,
pretzel,
sting,
comedian,
umbrella,
elder,
prince,
hurdle,
minotaur,
paw,
cheeseburger,hamburger
manicure,
weasel,
canary,
zuma,
helicopter,
gladiator,
diamond,ring
papaya,
cotton candy,
streamer,
robber,
spelunker,
accident,
polar bear,
present,
error,
braces,
raincoat,
corn,
signature,
pepper,
laundry,
journalist,
superpower,
tetris,
leave,
seasick,
oar,
canister,
plunger,
coal,
raisin,
burp,
butter,
ponytail,
ice cream,
insomnia,
revolver,
diva,
penguin,
sword,katana
nose ring,
excalibur,
spatula,
blindfold,
pastry,
audience,
cigarette,
sniper,
sheep,
gentleman,
balloon,
egg,yolk
mayonnaise,
relationship,
carrot,
player,
night,
nothing,
paint,
pony,
butterfly,
lounge,
taxi driver,
priest,
centaur,
chimpanzee,
fast food,
anubis,
father,
musket,
demonstration,
giant,
mold,
frown,
handicap,
ring,
skateboarder,
mr meeseeks,
sugar,
vegetable,
potion,
jester,
election,
cricket,
karate,
dwarf,
parakeet,
injection,
blowfish,
prism,
anchor,
spear,
confused,
figurine,
mustard,
coffin,
wine glass,wine
hieroglyph,
hamster,
shaving cream,
advertisement,
download,
alligator,
